train/circ,valid/circ,test/circ,parameters,train/loss,valid/loss,train/acc,valid/acc,test/acc,test/train
5,15,11,110,0.0837,0.8123,100.0,53.33,36.363637,2.2
6,30,25,119,0.0883,0.9484,100.0,53.33,40.0,4.166666666666667
7,32,26,125,0.1685,0.858,100.0,56.25,42.307693,3.7142857142857144
8,54,46,137,0.195,0.8371,87.5,57.410000000000004,60.86956,5.75
9,54,46,137,0.1228,0.8201,100.0,53.7,56.52174,5.111111111111111
10,54,46,137,0.2015,0.8671,90.0,50.0,58.69565,4.6
11,54,46,137,0.1377,0.8231,100.0,57.410000000000004,54.34782500000001,4.181818181818182
12,57,49,140,0.1645,0.776,100.0,57.89,59.183675,4.083333333333333
13,57,49,140,0.12,0.7237,100.0,54.39000000000001,61.224489999999996,3.769230769230769
14,57,49,140,0.1311,0.7024,100.0,59.650000000000006,61.224489999999996,3.5
15,61,52,143,0.1426,0.6387,100.0,63.93,67.30769,3.466666666666667
16,75,68,175,0.1566,0.6128,100.0,65.33,66.17647,4.25
17,75,68,175,0.1005,0.6176,100.0,66.67,64.705884,4.0
18,75,68,175,0.0687,0.6526,100.0,69.33,64.705884,3.7777777777777777
19,75,68,175,0.0865,0.6965,100.0,68.0,66.17647,3.5789473684210527
20,75,68,175,0.0745,0.7175,100.0,69.33,64.705884,3.4
21,75,68,175,0.086,0.7941,100.0,64.0,64.705884,3.238095238095238
22,75,68,175,0.0637,0.8481,100.0,65.33,64.705884,3.090909090909091
23,76,71,187,0.0542,0.8083,100.0,63.160000000000004,63.380283000000006,3.0869565217391304
24,76,71,187,0.0754,0.858,100.0,67.11,66.19718,2.9583333333333335
25,76,71,187,0.0983,0.8472,100.0,68.42,64.788735,2.84
26,78,75,190,0.1111,0.7947,96.15,70.50999999999999,61.333333999999994,2.8846153846153846
27,78,75,190,0.1054,0.777,96.3,71.78999999999999,65.33333,2.7777777777777777
28,78,75,190,0.118,0.7196,96.43,74.36,65.33333,2.6785714285714284
29,78,75,190,0.0943,0.7275,96.55,75.64,72.0,2.586206896551724
30,81,80,199,0.1082,0.7403,96.67,72.84,73.75,2.6666666666666665
31,81,80,199,0.1726,0.563,96.77,70.37,72.5,2.5806451612903225
32,81,80,199,0.1666,0.5564,96.88,70.37,75.0,2.5
33,81,81,202,0.1213,0.5604,96.97,70.37,75.308645,2.4545454545454546
34,81,81,202,0.1275,0.5465,97.06,72.84,75.308645,2.3823529411764706
35,81,81,202,0.1682,0.4833,94.28999999999999,75.31,77.77777999999999,2.3142857142857145
36,86,86,205,0.1654,0.4985,97.22,75.58,77.90698,2.388888888888889
36,86,86,205,0.1677,0.5098,94.44,75.58,77.90698,2.388888888888889
37,86,86,205,0.1635,0.5162,97.3,74.42,77.90698,2.324324324324324
38,86,86,205,0.1694,0.5285,97.37,74.42,77.90698,2.263157894736842
39,86,86,205,0.1586,0.5469,97.44,73.26,79.06976999999999,2.2051282051282053
40,87,86,208,0.1745,0.5807,97.5,72.41,77.90698,2.15
41,87,86,208,0.1939,0.5607,95.12,73.56,73.255813,2.097560975609756
42,87,86,208,0.1966,0.5541,95.24000000000001,73.56,74.418604,2.0476190476190474
43,87,88,211,0.2016,0.54,95.35,74.71,76.13636,2.046511627906977
44,87,88,211,0.1955,0.5456,95.45,75.86,73.86364,2.0
45,87,88,211,0.1672,0.556,95.56,75.86,73.86364,1.9555555555555555
46,87,88,211,0.1623,0.5619,95.65,75.86,73.86364,1.9130434782608696
47,87,88,211,0.1645,0.5726,95.74000000000001,75.86,73.86364,1.872340425531915
48,87,88,211,0.1611,0.5825,95.83,75.86,72.727275,1.8333333333333333
49,87,88,211,0.1644,0.6074,95.92,74.71,73.86364,1.7959183673469388
50,87,88,211,0.1851,0.5976,96.0,74.71,73.86364,1.76
51,87,88,211,0.1741,0.6294,94.12,73.56,72.727275,1.7254901960784315
52,87,88,211,0.1726,0.6093,96.15,74.71,72.727275,1.6923076923076923
53,87,88,211,0.1672,0.6089,94.34,75.86,72.727275,1.6603773584905661
54,87,88,211,0.1547,0.6052,94.44,75.86,72.727275,1.6296296296296295
55,87,88,211,0.1716,0.5386,94.55,77.01,70.454544,1.6
56,87,88,211,0.1693,0.5149,94.64,79.31,70.454544,1.5714285714285714
57,98,98,214,0.1837,0.6306,92.97999999999999,74.49,70.408165,1.719298245614035
58,98,98,220,0.2051,0.6299,94.83,75.51,70.408165,1.6896551724137931
59,98,98,220,0.1939,0.634,94.92,73.47,71.428573,1.6610169491525424
60,98,98,220,0.2101,0.6025,90.0,73.47,72.44897999999999,1.6333333333333333
61,98,98,220,0.2215,0.547,95.08,73.47,71.428573,1.6065573770491803
62,98,98,220,0.2039,0.5623,95.16,72.45,71.428573,1.5806451612903225
63,98,98,220,0.2144,0.5593,95.24000000000001,74.49,71.428573,1.5555555555555556
64,98,98,220,0.2133,0.568,90.62,74.49,71.428573,1.53125
65,98,98,220,0.204,0.5697,92.31,74.49,73.46939,1.5076923076923077
66,98,98,220,0.2098,0.5684,95.45,75.51,73.46939,1.4848484848484849
67,98,98,220,0.2098,0.5673,92.54,75.51,73.46939,1.462686567164179
68,98,98,220,0.2232,0.5707,92.65,73.47,73.46939,1.4411764705882353
69,98,98,220,0.1791,0.5678,94.19999999999999,75.51,74.489796,1.4202898550724639
70,98,98,220,0.207,0.5622,91.43,74.49,74.489796,1.4
71,98,98,220,0.1903,0.5524,95.77,76.53,74.489796,1.380281690140845
72,98,98,220,0.2082,0.5531,93.06,76.53,74.489796,1.3611111111111112
73,98,98,220,0.1818,0.5775,95.89,78.57,75.510204,1.3424657534246576
74,98,98,220,0.1925,0.5586,93.24,77.55,75.510204,1.3243243243243243
75,100,101,226,0.2053,0.5379,94.67,78.0,75.247526,1.3466666666666667
76,100,101,226,0.2115,0.5605,92.11,77.0,75.247526,1.3289473684210527
77,100,101,229,0.2236,0.5768,94.81,75.0,75.247526,1.3116883116883118
78,100,101,229,0.2239,0.6419,94.87,76.0,72.27723,1.294871794871795
79,100,101,229,0.214,0.6891,93.67,73.0,74.25743,1.2784810126582278
80,100,101,229,0.2006,0.6733,95.0,75.0,74.25743,1.2625
81,100,101,229,0.2027,0.6659,95.06,76.0,74.25743,1.2469135802469136
82,100,101,229,0.2367,0.6703,92.67999999999999,73.0,75.247526,1.2317073170731707
83,100,101,229,0.2129,0.679,92.77,71.0,76.237625,1.216867469879518
84,100,101,229,0.2112,0.6743,92.86,71.0,75.247526,1.2023809523809523
85,100,101,229,0.2189,0.694,95.28999999999999,70.0,75.247526,1.188235294117647
86,100,101,229,0.2367,0.694,93.02,69.0,74.25743,1.1744186046511629
87,100,101,229,0.2383,0.7027,90.8,69.0,74.25743,1.160919540229885
88,100,101,229,0.2352,0.7103,90.91,69.0,73.26733,1.1477272727272727
89,100,101,229,0.2273,0.7096,91.01,68.0,73.26733,1.1348314606741574
90,100,101,229,0.2514,0.6982,91.11,68.0,74.25743,1.1222222222222222
91,100,101,229,0.263,0.6866,92.31,69.0,73.26733,1.10989010989011
92,100,101,229,0.25,0.6967,93.47999999999999,69.0,73.26733,1.0978260869565217
93,100,101,229,0.243,0.7064,91.4,70.0,73.26733,1.086021505376344
94,100,101,229,0.225,0.6931,93.62,69.0,72.27723,1.074468085106383
95,100,101,229,0.2152,0.6855,95.78999999999999,70.0,72.27723,1.063157894736842
96,100,101,229,0.2215,0.6985,94.78999999999999,70.0,72.27723,1.0520833333333333
97,100,101,229,0.2403,0.7254,94.85,70.0,71.28713,1.041237113402062
98,100,101,229,0.2511,0.7109,90.82000000000001,69.0,71.28713,1.030612244897959
99,100,101,229,0.2505,0.7062,92.93,70.0,73.26733,1.02020202020202
100,100,101,229,0.2386,0.708,91.0,70.0,73.26733,1.01
101,100,101,229,0.2236,0.6898,94.06,70.0,75.247526,1.0
102,100,101,229,0.2415,0.6678,92.16,68.0,74.25743,0.9901960784313726
103,100,101,229,0.2542,0.6947,91.25999999999999,68.0,74.25743,0.9805825242718447
104,100,101,229,0.2469,0.6975,91.35,66.0,74.25743,0.9711538461538461
105,100,101,229,0.2655,0.6856,90.48,67.0,74.25743,0.9619047619047619
106,100,101,229,0.2559,0.6774,92.45,65.0,77.227724,0.9528301886792453
107,100,101,229,0.2474,0.6848,92.52,66.0,76.237625,0.9439252336448598
108,100,101,229,0.2697,0.6986,87.96000000000001,66.0,77.227724,0.9351851851851852
109,100,101,229,0.248,0.6843,89.91,68.0,77.227724,0.926605504587156
110,100,101,229,0.2489,0.6802,90.0,66.0,77.227724,0.9181818181818182
111,100,101,229,0.2586,0.681,91.89,68.0,77.227724,0.9099099099099099
112,100,101,229,0.2505,0.6915,89.29,67.0,77.227724,0.9017857142857143
113,100,101,229,0.2422,0.6848,90.27,67.0,77.227724,0.8938053097345132
114,100,101,229,0.2605,0.6775,90.35,70.0,77.227724,0.8859649122807017
115,100,101,229,0.2643,0.6799,91.3,69.0,77.227724,0.8782608695652174
116,100,101,229,0.2496,0.6798,90.52,70.0,77.227724,0.8706896551724138
117,100,101,229,0.2438,0.6853,90.60000000000001,70.0,77.227724,0.8632478632478633
118,100,101,229,0.2615,0.6906,88.14,70.0,77.227724,0.8559322033898306
119,100,101,229,0.2658,0.6981,88.24,70.0,77.227724,0.8487394957983193
120,100,101,229,0.271,0.6896,87.5,70.0,77.227724,0.8416666666666667
121,100,101,229,0.2822,0.6713,87.6,69.0,77.227724,0.8347107438016529
122,100,101,229,0.2788,0.689,89.34,69.0,76.237625,0.8278688524590164
123,100,101,229,0.2802,0.6908,89.42999999999999,67.0,75.247526,0.8211382113821138
124,100,101,229,0.2935,0.685,90.32,67.0,75.247526,0.8145161290322581
125,100,101,229,0.2743,0.685,89.60000000000001,66.0,75.247526,0.808
126,100,101,238,0.2842,0.66,89.68,67.0,75.247526,0.8015873015873016
127,100,101,238,0.2695,0.6722,89.75999999999999,69.0,75.247526,0.7952755905511811
128,100,101,238,0.2737,0.7192,88.28,67.0,75.247526,0.7890625
129,100,101,238,0.2638,0.7027,89.92,69.0,74.25743,0.7829457364341085
130,100,101,238,0.2729,0.6749,88.46000000000001,67.0,75.247526,0.7769230769230769
131,100,101,238,0.2715,0.6669,90.08,67.0,76.237625,0.7709923664122137
132,100,101,238,0.2839,0.6727,90.14999999999999,66.0,76.237625,0.7651515151515151
133,101,101,241,0.2741,0.655,87.97,66.34,76.237625,0.7593984962406015
134,101,103,244,0.2864,0.6644,87.31,68.32000000000001,76.69903000000001,0.7686567164179104
135,101,103,244,0.2915,0.6673,88.14999999999999,68.32000000000001,75.728154,0.762962962962963
136,101,103,244,0.275,0.663,88.24,69.31,75.728154,0.7573529411764706
137,101,103,244,0.2923,0.6794,86.86,68.32000000000001,75.728154,0.7518248175182481
138,101,103,244,0.2897,0.6626,88.41,69.31,75.728154,0.7463768115942029
139,101,103,244,0.2932,0.6772,87.77000000000001,69.31,75.728154,0.7410071942446043
140,101,103,244,0.2909,0.6935,87.86,68.32000000000001,75.728154,0.7357142857142858
141,101,103,244,0.3004,0.6772,87.22999999999999,69.31,77.6699,0.7304964539007093
142,101,103,244,0.2888,0.6813,87.32,68.32000000000001,77.6699,0.7253521126760564
143,101,103,244,0.3034,0.6793,88.11,68.32000000000001,77.6699,0.7202797202797203
144,101,103,244,0.2874,0.6619,88.89,69.31,77.6699,0.7152777777777778
145,101,103,244,0.2938,0.6811,88.28,71.28999999999999,77.6699,0.7103448275862069
146,101,103,244,0.3213,0.6751,86.99,71.28999999999999,77.6699,0.7054794520547946
147,101,103,244,0.2905,0.657,88.44,71.28999999999999,77.6699,0.7006802721088435
148,101,103,244,0.2819,0.6676,89.19,73.27,75.728154,0.6959459459459459
149,101,103,244,0.2992,0.6812,88.59,72.28,76.69903000000001,0.6912751677852349
150,101,103,244,0.3148,0.6698,88.0,72.28,75.728154,0.6866666666666666
151,101,103,244,0.3159,0.6764,88.74,72.28,76.69903000000001,0.6821192052980133
152,101,103,244,0.3034,0.6599,87.5,73.27,78.640777,0.6776315789473685
153,101,103,244,0.3202,0.6455,87.58,73.27,77.6699,0.673202614379085
154,101,103,244,0.2899,0.6393,87.01,72.28,77.6699,0.6688311688311688
155,101,103,244,0.3014,0.6445,87.1,72.28,77.6699,0.6645161290322581
156,101,103,244,0.3088,0.6482,89.1,71.28999999999999,78.640777,0.6602564102564102
156,101,103,244,0.2826,0.6446,87.82,70.3,79.611653,0.6602564102564102
157,101,103,244,0.3036,0.638,87.9,70.3,78.640777,0.6560509554140127
158,101,103,244,0.3098,0.6379,89.24,70.3,78.640777,0.6518987341772152
159,101,103,244,0.3118,0.6507,86.79,70.3,78.640777,0.6477987421383647
160,101,103,244,0.3025,0.6338,88.75,70.3,78.640777,0.64375
161,101,103,244,0.3081,0.6242,86.33999999999999,69.31,78.640777,0.639751552795031
162,101,103,244,0.2956,0.617,88.89,69.31,77.6699,0.6358024691358025
163,101,103,244,0.304,0.6163,86.5,69.31,78.640777,0.6319018404907976
164,101,103,244,0.2982,0.6175,87.2,69.31,79.611653,0.6280487804878049
165,101,103,244,0.3201,0.5943,86.67,69.31,78.640777,0.6242424242424243
166,101,103,244,0.3166,0.584,86.14,68.32000000000001,78.640777,0.6204819277108434
167,101,103,244,0.31,0.5947,88.62,68.32000000000001,79.611653,0.6167664670658682
168,101,103,244,0.3104,0.5815,88.1,68.32000000000001,78.640777,0.6130952380952381
169,101,103,244,0.3074,0.5875,88.75999999999999,68.32000000000001,78.640777,0.6094674556213018
170,101,103,244,0.3117,0.5915,88.24,68.32000000000001,79.611653,0.6058823529411764
171,101,103,244,0.2906,0.5964,89.47,66.34,80.582523,0.6023391812865497
172,101,103,244,0.3024,0.5941,88.94999999999999,67.33,80.582523,0.5988372093023255
173,101,103,244,0.2978,0.5983,87.28,67.33,79.611653,0.5953757225433526
174,101,103,244,0.3109,0.6045,86.21,67.33,79.611653,0.5919540229885057
175,101,103,244,0.3006,0.5909,88.0,67.33,79.611653,0.5885714285714285
176,101,103,244,0.3166,0.5888,88.07000000000001,67.33,80.582523,0.5852272727272727
177,101,103,244,0.32,0.6027,87.57000000000001,68.32000000000001,81.5534,0.5819209039548022
178,106,107,250,0.3092,0.6093,87.08,66.97999999999999,81.30841,0.601123595505618
179,106,107,250,0.3138,0.606,88.27000000000001,67.92,81.30841,0.5977653631284916
180,106,107,250,0.3244,0.6235,88.33,68.87,81.30841,0.5944444444444444
181,106,107,262,0.305,0.6307,88.94999999999999,68.87,81.30841,0.5911602209944752
182,106,107,262,0.2984,0.6316,88.46000000000001,68.87,81.30841,0.5879120879120879
183,106,107,262,0.3159,0.6199,87.42999999999999,67.92,79.43925,0.5846994535519126
184,106,107,262,0.3037,0.6215,88.59,66.97999999999999,79.43925,0.5815217391304348
185,106,107,262,0.3153,0.6401,88.64999999999999,66.97999999999999,80.37383,0.5783783783783784
186,106,107,262,0.3069,0.6452,88.71,66.97999999999999,79.43925,0.5752688172043011
187,106,107,262,0.2995,0.6185,88.77000000000001,66.97999999999999,79.43925,0.5721925133689839
188,106,107,262,0.3107,0.666,88.3,66.97999999999999,80.37383,0.5691489361702128
189,106,107,262,0.3016,0.6352,88.36,67.92,79.43925,0.5661375661375662
190,106,107,262,0.3083,0.6225,86.83999999999999,67.92,78.50467599999999,0.5631578947368421
191,106,107,262,0.3151,0.6228,87.42999999999999,67.92,79.43925,0.5602094240837696
192,106,107,262,0.3137,0.6313,87.5,67.92,79.43925,0.5572916666666666
193,106,107,262,0.3059,0.6407,86.53,67.92,78.50467599999999,0.5544041450777202
194,106,107,262,0.3191,0.6236,88.14,67.92,79.43925,0.5515463917525774
195,106,107,262,0.3138,0.6175,87.18,67.92,79.43925,0.5487179487179488
196,106,107,262,0.3089,0.6308,88.78,69.81,79.43925,0.5459183673469388
197,106,107,262,0.3027,0.6214,88.32,68.87,79.43925,0.5431472081218274
198,106,107,262,0.3137,0.6261,86.36,70.75,79.43925,0.5404040404040404
199,106,107,262,0.3051,0.6003,87.44,70.75,79.43925,0.5376884422110553
200,106,107,262,0.3099,0.6176,86.5,70.75,80.37383,0.535
201,106,107,262,0.3162,0.6051,87.06,70.75,80.37383,0.5323383084577115
202,106,107,262,0.3161,0.597,87.62,70.75,78.50467599999999,0.5297029702970297
203,106,107,262,0.3176,0.5938,87.68,70.75,78.50467599999999,0.5270935960591133
204,106,107,262,0.3348,0.6054,88.73,69.81,79.43925,0.5245098039215687
205,106,107,262,0.3193,0.5936,86.83,69.81,78.50467599999999,0.5219512195121951
206,106,107,262,0.3334,0.5999,85.92,70.75,78.50467599999999,0.5194174757281553
207,106,107,274,0.3139,0.5936,88.41,70.75,78.50467599999999,0.5169082125603864
208,106,107,274,0.3074,0.5876,88.94,70.75,78.50467599999999,0.5144230769230769
209,106,107,274,0.3002,0.5785,87.08,70.75,77.57009000000001,0.5119617224880383
210,106,107,274,0.3176,0.5939,87.62,70.75,77.57009000000001,0.5095238095238095
211,106,107,274,0.3191,0.5803,86.26,70.75,76.63551600000001,0.5071090047393365
212,106,107,274,0.3077,0.5909,87.26,70.75,77.57009000000001,0.5047169811320755
213,106,107,274,0.3266,0.5516,86.85000000000001,72.64,80.37383,0.5023474178403756
214,106,107,274,0.3399,0.5499,85.05,72.64,81.30841,0.5
215,106,107,274,0.3416,0.5504,86.05000000000001,71.7,81.30841,0.49767441860465117
216,106,107,274,0.3109,0.5554,88.42999999999999,71.7,78.50467599999999,0.49537037037037035
217,106,107,274,0.3063,0.558,87.56,71.7,77.57009000000001,0.4930875576036866
218,106,107,274,0.3229,0.5584,85.78,71.7,77.57009000000001,0.4908256880733945
219,106,107,274,0.2991,0.5582,87.67,72.64,77.57009000000001,0.4885844748858447
220,106,107,274,0.3047,0.5529,89.09,71.7,80.37383,0.4863636363636364
221,106,107,274,0.3377,0.5507,85.97,73.58,78.50467599999999,0.4841628959276018
222,106,107,274,0.294,0.5517,88.29,72.64,77.57009000000001,0.481981981981982
223,106,107,274,0.3005,0.5491,87.89,73.58,77.57009000000001,0.4798206278026906
224,106,107,274,0.3081,0.5424,88.39,73.58,77.57009000000001,0.47767857142857145
225,106,107,274,0.3048,0.5414,88.44,73.58,77.57009000000001,0.47555555555555556
226,106,107,274,0.3134,0.5357,86.72999999999999,73.58,78.50467599999999,0.47345132743362833
227,106,107,274,0.3048,0.5301,88.11,73.58,77.57009000000001,0.4713656387665198
228,106,107,274,0.3268,0.5286,87.72,73.58,77.57009000000001,0.4692982456140351
229,106,107,274,0.2999,0.5285,86.03,72.64,78.50467599999999,0.4672489082969432
230,106,107,274,0.3217,0.5311,88.26,74.53,76.63551600000001,0.4652173913043478
231,106,107,274,0.3022,0.5294,86.15,74.53,76.63551600000001,0.46320346320346323
232,106,107,274,0.3202,0.5265,88.79,74.53,76.63551600000001,0.46120689655172414
233,106,107,274,0.3001,0.5216,87.98,75.47,76.63551600000001,0.4592274678111588
234,106,107,274,0.3209,0.5179,87.18,76.42,76.63551600000001,0.45726495726495725
235,106,107,274,0.3046,0.5165,89.36,76.42,76.63551600000001,0.4553191489361702
236,106,107,274,0.3129,0.5196,87.71,75.47,77.57009000000001,0.4533898305084746
237,106,107,274,0.32,0.5262,86.92,74.53,77.57009000000001,0.45147679324894513
238,106,107,274,0.3026,0.5283,87.39,74.53,78.50467599999999,0.4495798319327731
239,106,107,274,0.3108,0.5317,89.12,74.53,77.57009000000001,0.4476987447698745
240,106,107,274,0.3054,0.529,88.33,73.58,77.57009000000001,0.44583333333333336
241,106,107,274,0.304,0.5264,88.38000000000001,73.58,77.57009000000001,0.44398340248962653
242,106,107,274,0.302,0.5126,86.78,73.58,77.57009000000001,0.44214876033057854
243,106,107,274,0.3224,0.5143,86.42,73.58,77.57009000000001,0.4403292181069959
244,106,107,274,0.3058,0.5141,88.11,74.53,78.50467599999999,0.4385245901639344
244,106,107,274,0.3137,0.5165,86.89,74.53,79.43925,0.4385245901639344
245,106,107,274,0.308,0.5168,87.76,74.53,79.43925,0.43673469387755104
246,106,107,274,0.3031,0.517,87.8,74.53,79.43925,0.4349593495934959
247,106,107,274,0.3114,0.5165,89.88000000000001,74.53,79.43925,0.4331983805668016
248,106,107,274,0.3136,0.5199,86.29,74.53,78.50467599999999,0.4314516129032258
249,106,107,274,0.3144,0.529,87.15,75.47,79.43925,0.42971887550200805
249,106,107,274,0.314,0.5261,87.15,75.47,79.43925,0.42971887550200805
250,106,107,274,0.3178,0.5235,88.8,75.47,79.43925,0.428
251,106,107,274,0.3089,0.5202,88.05,75.47,79.43925,0.4262948207171315
252,106,107,274,0.3078,0.5096,88.89,74.53,78.50467599999999,0.4246031746031746
253,106,107,274,0.325,0.5047,88.92999999999999,75.47,78.50467599999999,0.42292490118577075
254,106,107,274,0.3108,0.5015,87.4,75.47,80.37383,0.421259842519685
255,106,107,274,0.3101,0.4981,89.41,75.47,79.43925,0.4196078431372549
256,106,107,274,0.3074,0.4973,88.28,75.47,79.43925,0.41796875
257,106,107,274,0.3043,0.495,87.94,75.47,78.50467599999999,0.4163424124513619
258,106,107,274,0.3239,0.4984,87.21,74.53,77.57009000000001,0.41472868217054265
259,106,107,274,0.3055,0.4958,87.64,74.53,78.50467599999999,0.41312741312741313
260,106,107,274,0.3058,0.4938,88.46000000000001,74.53,78.50467599999999,0.4115384615384615
261,106,107,274,0.3224,0.5001,87.36,75.47,77.57009000000001,0.4099616858237548
262,106,107,274,0.3177,0.5008,87.4,76.42,78.50467599999999,0.4083969465648855
263,106,107,274,0.3245,0.4839,86.31,79.25,77.57009000000001,0.4068441064638783
264,106,107,274,0.3168,0.4763,86.74,79.25,77.57009000000001,0.4053030303030303
265,106,107,274,0.3182,0.473,87.17,79.25,78.50467599999999,0.4037735849056604
266,106,107,274,0.3157,0.4745,86.83999999999999,78.3,76.63551600000001,0.40225563909774437
267,106,107,274,0.3155,0.4716,88.39,78.3,78.50467599999999,0.40074906367041196
268,106,107,274,0.3278,0.4686,87.69,79.25,78.50467599999999,0.39925373134328357
269,106,107,274,0.3187,0.4723,87.36,79.25,79.43925,0.39776951672862454
270,106,107,274,0.3082,0.4728,87.41,79.25,77.57009000000001,0.3962962962962963
271,106,107,274,0.3391,0.4737,87.82,80.19,81.30841,0.3948339483394834
272,106,107,274,0.3164,0.4757,88.24,79.25,80.37383,0.39338235294117646
273,106,107,274,0.3411,0.474,86.81,79.25,81.30841,0.39194139194139194
274,106,107,274,0.3215,0.4718,87.22999999999999,79.25,80.37383,0.3905109489051095
275,106,107,274,0.3247,0.4694,90.18,78.3,81.30841,0.3890909090909091
276,106,107,274,0.3244,0.4695,87.32,78.3,80.37383,0.38768115942028986
277,106,107,274,0.3305,0.4707,88.09,77.36,83.17757,0.3862815884476534
278,106,107,274,0.3233,0.4679,87.77000000000001,77.36,83.17757,0.38489208633093525
279,106,107,274,0.3072,0.4647,89.61,77.36,82.24299,0.3835125448028674
280,106,107,274,0.3338,0.4653,88.92999999999999,77.36,81.30841,0.3821428571428571
281,106,107,274,0.3165,0.4597,87.9,78.3,82.24299,0.3807829181494662
282,106,107,274,0.3116,0.4626,90.42999999999999,78.3,81.30841,0.37943262411347517
283,106,107,274,0.3228,0.4691,86.92999999999999,79.25,81.30841,0.37809187279151946
284,106,107,274,0.3081,0.4676,89.44,79.25,83.17757,0.3767605633802817
285,106,107,274,0.327,0.4644,87.72,79.25,82.24299,0.37543859649122807
286,106,107,274,0.3152,0.4657,89.16,79.25,83.17757,0.3741258741258741
287,106,107,274,0.3238,0.4602,89.55,80.19,83.17757,0.37282229965156793
288,106,107,274,0.3229,0.4615,88.19,80.19,83.17757,0.3715277777777778
289,106,107,274,0.3364,0.4579,87.2,80.19,83.17757,0.370242214532872
290,106,107,274,0.3146,0.4532,88.97,80.19,83.17757,0.3689655172413793
291,106,107,274,0.3393,0.4487,87.97,81.13,84.11215,0.36769759450171824
292,106,107,274,0.3209,0.445,89.03999999999999,82.08,84.11215,0.3664383561643836
293,106,107,274,0.3207,0.4448,90.10000000000001,82.08,82.24299,0.3651877133105802
294,106,107,274,0.3048,0.4469,89.8,81.13,82.24299,0.36394557823129253
295,106,107,274,0.3155,0.4483,88.81,80.19,81.30841,0.36271186440677966
296,106,107,274,0.3193,0.4504,89.53,80.19,80.37383,0.3614864864864865
297,106,107,274,0.3257,0.4535,88.89,81.13,80.37383,0.3602693602693603
298,106,107,274,0.3346,0.4506,88.26,81.13,80.37383,0.35906040268456374
299,106,107,274,0.337,0.4474,87.63,80.19,81.30841,0.35785953177257523
300,106,107,274,0.3229,0.4516,89.67,80.19,81.30841,0.3566666666666667
301,106,107,274,0.3205,0.4541,89.37,80.19,81.30841,0.3554817275747508
302,106,107,274,0.327,0.4576,88.41,79.25,81.30841,0.3543046357615894
303,106,107,274,0.3321,0.4589,87.46000000000001,80.19,81.30841,0.35313531353135313
304,106,107,274,0.3374,0.4611,88.16000000000001,79.25,81.30841,0.3519736842105263
305,106,107,274,0.3188,0.4635,88.85,80.19,81.30841,0.35081967213114756
306,106,107,274,0.3265,0.4681,89.53999999999999,82.08,81.30841,0.34967320261437906
307,106,107,274,0.3291,0.4791,89.58,82.08,82.24299,0.3485342019543974
308,106,107,274,0.3206,0.4787,89.29,83.02000000000001,83.17757,0.3474025974025974
309,106,107,274,0.3271,0.4915,89.0,83.96000000000001,84.11215,0.34627831715210355
310,106,107,274,0.3406,0.4897,87.42,83.96000000000001,85.04672599999999,0.34516129032258064
311,106,107,274,0.3157,0.4869,88.1,83.96000000000001,84.11215,0.3440514469453376
312,106,107,274,0.3337,0.4837,88.46000000000001,83.96000000000001,82.24299,0.34294871794871795
313,107,107,277,0.3382,0.5123,88.18,82.24000000000001,84.11215,0.34185303514376997
314,107,107,277,0.3278,0.5155,87.26,82.24000000000001,84.11215,0.34076433121019106
315,107,107,277,0.3254,0.5126,88.25,82.24000000000001,83.17757,0.3396825396825397
316,107,107,277,0.346,0.5065,86.39,82.24000000000001,83.17757,0.33860759493670883
317,107,107,277,0.3281,0.4994,87.7,81.31,83.17757,0.33753943217665616
318,107,107,277,0.3408,0.4975,86.48,82.24000000000001,83.17757,0.33647798742138363
319,107,107,277,0.3333,0.5019,87.77000000000001,82.24000000000001,83.17757,0.335423197492163
320,107,107,277,0.3274,0.5034,88.44,82.24000000000001,83.17757,0.334375
321,107,107,277,0.326,0.5046,88.47,83.17999999999999,83.17757,0.3333333333333333
322,107,107,277,0.3382,0.5065,87.27000000000001,83.17999999999999,83.17757,0.33229813664596275
323,107,108,280,0.3217,0.4925,88.53999999999999,83.17999999999999,82.40741,0.33436532507739936
324,107,108,280,0.34,0.4841,86.42,84.11,82.40741,0.3333333333333333
325,107,108,280,0.3392,0.4839,86.77,84.11,80.55556,0.3323076923076923
326,107,108,280,0.3369,0.4771,88.64999999999999,84.11,80.55556,0.3312883435582822
327,107,108,280,0.3539,0.4693,85.63,85.05,78.7037,0.3302752293577982
328,107,108,280,0.3332,0.4697,86.89,85.05,78.7037,0.32926829268292684
329,107,108,280,0.335,0.4697,87.53999999999999,85.05,78.7037,0.3282674772036474
330,107,108,280,0.3478,0.4688,86.97,85.98,79.62962999999999,0.32727272727272727
331,107,108,280,0.3297,0.4722,87.92,85.98,80.55556,0.32628398791540786
332,107,108,280,0.3238,0.4726,88.55,85.05,80.55556,0.3253012048192771
333,107,108,280,0.34,0.4719,88.59,85.05,80.55556,0.32432432432432434
334,107,108,280,0.3203,0.472,88.62,85.05,80.55556,0.32335329341317365
335,107,108,280,0.3343,0.475,88.66000000000001,85.05,78.7037,0.32238805970149254
336,107,108,280,0.3209,0.4761,88.39,85.05,80.55556,0.32142857142857145
337,107,108,280,0.3296,0.4788,89.32,85.98,79.62962999999999,0.32047477744807124
338,107,108,280,0.3202,0.4761,87.87,85.05,79.62962999999999,0.31952662721893493
339,107,108,280,0.3359,0.4732,85.84,85.98,79.62962999999999,0.3185840707964602
340,107,108,280,0.3306,0.4731,85.88,85.05,79.62962999999999,0.3176470588235294
341,107,108,280,0.3288,0.4716,89.44,85.05,79.62962999999999,0.31671554252199413
342,107,108,280,0.3286,0.4697,88.01,85.05,79.62962999999999,0.3157894736842105
343,107,108,280,0.3231,0.4725,89.21,85.05,80.55556,0.31486880466472306
344,107,108,280,0.3335,0.4739,88.08,85.05,79.62962999999999,0.313953488372093
345,107,108,280,0.3197,0.4748,89.57000000000001,85.98,79.62962999999999,0.3130434782608696
346,107,108,280,0.3399,0.4733,87.57000000000001,85.05,78.7037,0.31213872832369943
347,107,108,280,0.3181,0.4754,88.18,84.11,79.62962999999999,0.3112391930835735
348,107,108,280,0.3284,0.4734,87.64,85.98,79.62962999999999,0.3103448275862069
349,107,108,280,0.3247,0.4723,87.39,85.98,79.62962999999999,0.30945558739255014
350,107,108,280,0.3294,0.4736,87.71,85.05,79.62962999999999,0.30857142857142855
351,107,108,280,0.3209,0.4739,88.6,84.11,79.62962999999999,0.3076923076923077
352,107,108,280,0.336,0.4751,86.08,84.11,80.55556,0.3068181818181818
353,107,108,280,0.3303,0.4729,88.94999999999999,84.11,79.62962999999999,0.3059490084985836
353,107,108,280,0.3326,0.4725,87.25,84.11,79.62962999999999,0.3059490084985836
354,107,108,280,0.3402,0.4711,87.29,84.11,79.62962999999999,0.3050847457627119
355,107,108,280,0.3272,0.4699,89.01,84.11,80.55556,0.30422535211267604
356,107,108,280,0.3253,0.4678,87.08,84.11,81.48147999999999,0.30337078651685395
357,107,108,280,0.3377,0.4678,86.27,83.17999999999999,81.48147999999999,0.3025210084033613
358,107,108,280,0.3168,0.4682,89.39,83.17999999999999,81.48147999999999,0.3016759776536313
359,107,108,280,0.3208,0.4639,89.42,82.24000000000001,80.55556,0.3008356545961003
360,107,108,280,0.3077,0.4639,90.28,82.24000000000001,81.48147999999999,0.3
361,107,108,280,0.3151,0.4634,88.92,82.24000000000001,81.48147999999999,0.29916897506925205
362,107,108,280,0.3361,0.4623,87.29,82.24000000000001,81.48147999999999,0.2983425414364641
363,107,108,280,0.3291,0.4592,88.71,82.24000000000001,81.48147999999999,0.2975206611570248
364,107,108,280,0.3177,0.4581,89.29,83.17999999999999,80.55556,0.2967032967032967
365,107,108,280,0.3111,0.4557,89.86,83.17999999999999,82.40741,0.2958904109589041
366,107,108,280,0.3224,0.459,89.07000000000001,82.24000000000001,81.48147999999999,0.29508196721311475
367,107,108,280,0.3335,0.4595,89.1,81.31,81.48147999999999,0.29427792915531337
368,107,108,280,0.3297,0.4575,88.59,81.31,81.48147999999999,0.29347826086956524
369,107,108,280,0.3172,0.4543,88.08,81.31,80.55556,0.2926829268292683
370,107,108,280,0.3357,0.4534,87.83999999999999,81.31,81.48147999999999,0.2918918918918919
371,107,108,280,0.3259,0.455,89.75999999999999,82.24000000000001,81.48147999999999,0.29110512129380056
372,107,108,280,0.3242,0.4529,89.52,82.24000000000001,81.48147999999999,0.2903225806451613
373,108,109,283,0.3333,0.4661,86.86,81.47999999999999,81.65137999999999,0.29222520107238603
374,108,109,283,0.3226,0.4646,89.3,80.56,81.65137999999999,0.2914438502673797
375,108,109,283,0.3293,0.4651,88.27000000000001,80.56,81.65137999999999,0.2906666666666667
376,108,109,283,0.3237,0.4618,88.83,80.56,81.65137999999999,0.2898936170212766
377,108,109,283,0.332,0.4607,88.59,81.47999999999999,82.568806,0.2891246684350133
378,108,109,283,0.321,0.4603,89.42,81.47999999999999,82.568806,0.28835978835978837
379,108,109,283,0.3267,0.4605,88.13,81.47999999999999,82.568806,0.287598944591029
380,108,109,283,0.3191,0.4598,88.68,81.47999999999999,81.65137999999999,0.2868421052631579
381,108,109,283,0.3225,0.46,88.98,82.41000000000001,82.568806,0.28608923884514437
382,108,109,283,0.3305,0.4611,88.74,80.56,82.568806,0.28534031413612565
383,108,109,283,0.329,0.4559,89.03,79.63,82.568806,0.2845953002610966
384,108,109,283,0.3365,0.4554,88.8,79.63,81.65137999999999,0.2838541666666667
385,108,109,283,0.3179,0.4583,88.57000000000001,81.47999999999999,81.65137999999999,0.2831168831168831
386,108,109,283,0.3288,0.4601,88.08,81.47999999999999,81.65137999999999,0.2823834196891192
387,108,109,283,0.3274,0.4599,88.63,80.56,81.65137999999999,0.28165374677002586
388,108,109,283,0.3152,0.4552,89.18,81.47999999999999,81.65137999999999,0.2809278350515464
389,108,109,283,0.3307,0.4563,88.17,81.47999999999999,81.65137999999999,0.2802056555269923
390,108,109,283,0.3367,0.4546,87.94999999999999,81.47999999999999,81.65137999999999,0.2794871794871795
391,108,109,283,0.3389,0.4563,86.45,81.47999999999999,81.65137999999999,0.27877237851662406
392,108,109,283,0.3199,0.4542,88.01,81.47999999999999,81.65137999999999,0.2780612244897959
393,108,109,283,0.3395,0.4523,88.3,81.47999999999999,81.65137999999999,0.27735368956743
394,108,109,283,0.342,0.4526,86.55000000000001,81.47999999999999,81.65137999999999,0.2766497461928934
395,108,109,283,0.3169,0.4541,89.37,82.41000000000001,81.65137999999999,0.2759493670886076
396,108,109,283,0.3255,0.4556,88.89,82.41000000000001,82.568806,0.27525252525252525
397,108,109,283,0.3285,0.454,88.66000000000001,82.41000000000001,82.568806,0.27455919395465994
398,108,109,283,0.3457,0.4523,88.44,81.47999999999999,82.568806,0.27386934673366836
399,108,109,283,0.3251,0.4532,88.72,80.56,82.568806,0.2731829573934837
400,108,109,283,0.3194,0.4552,89.0,80.56,82.568806,0.2725
401,108,109,283,0.319,0.4563,88.53,80.56,82.568806,0.2718204488778055
402,108,109,283,0.3378,0.4574,88.31,81.47999999999999,82.568806,0.27114427860696516
403,108,109,283,0.3159,0.4571,89.33,81.47999999999999,82.568806,0.2704714640198511
404,108,109,283,0.3405,0.4568,87.13,81.47999999999999,82.568806,0.2698019801980198
405,108,109,283,0.3364,0.4596,86.91,82.41000000000001,82.568806,0.2691358024691358
406,108,109,283,0.3318,0.4604,87.44,82.41000000000001,82.568806,0.2684729064039409
407,108,109,283,0.3237,0.4583,89.42999999999999,82.41000000000001,82.568806,0.2678132678132678
408,108,109,283,0.324,0.4592,87.75,82.41000000000001,82.568806,0.26715686274509803
409,108,109,283,0.3153,0.4606,87.78,81.47999999999999,82.568806,0.2665036674816626
410,108,109,283,0.3132,0.4624,89.27000000000001,81.47999999999999,82.568806,0.2658536585365854
411,108,109,283,0.3212,0.4659,87.35000000000001,82.41000000000001,82.568806,0.26520681265206814
412,108,109,283,0.3435,0.4642,88.35,83.33,82.568806,0.2645631067961165
413,108,109,283,0.3267,0.4639,88.14,82.41000000000001,82.568806,0.2639225181598063
413,108,109,283,0.337,0.4639,86.92,83.33,82.568806,0.2639225181598063
414,108,109,283,0.3461,0.4648,87.68,82.41000000000001,82.568806,0.2632850241545894
415,108,109,283,0.3277,0.4676,88.19,80.56,82.568806,0.26265060240963856
416,108,109,283,0.3256,0.4696,89.18,82.41000000000001,82.568806,0.2620192307692308
417,108,109,283,0.3251,0.4686,87.77000000000001,81.47999999999999,82.568806,0.26139088729016785
418,108,109,283,0.3121,0.47,89.71000000000001,81.47999999999999,82.568806,0.2607655502392344
419,108,109,283,0.3291,0.4733,88.53999999999999,80.56,82.568806,0.26014319809069214
420,108,109,283,0.3227,0.4724,88.57000000000001,80.56,82.568806,0.25952380952380955
421,108,109,283,0.3368,0.4693,88.12,81.47999999999999,82.568806,0.2589073634204275
422,108,109,283,0.326,0.4705,89.1,81.47999999999999,82.568806,0.25829383886255924
423,108,109,283,0.3104,0.4679,88.89,82.41000000000001,82.568806,0.2576832151300236
424,108,109,283,0.3178,0.4725,89.14999999999999,82.41000000000001,82.568806,0.25707547169811323
425,108,109,283,0.3223,0.4762,88.94,82.41000000000001,82.568806,0.2564705882352941
426,108,109,283,0.3209,0.471,87.56,81.47999999999999,82.568806,0.25586854460093894
427,108,109,283,0.3362,0.4689,87.35000000000001,81.47999999999999,81.65137999999999,0.25526932084309134
428,108,109,283,0.3359,0.4635,88.32,83.33,80.733943,0.2546728971962617
429,108,109,283,0.3396,0.4606,87.88,83.33,82.568806,0.2540792540792541
430,108,109,283,0.3122,0.4617,88.37,83.33,81.65137999999999,0.2534883720930233
431,108,109,283,0.3326,0.4597,87.47,83.33,81.65137999999999,0.2529002320185615
431,108,109,283,0.3323,0.4631,86.31,82.41000000000001,81.65137999999999,0.2529002320185615
432,108,109,283,0.3188,0.4612,88.66000000000001,82.41000000000001,80.733943,0.2523148148148148
433,108,109,283,0.315,0.4615,86.83999999999999,83.33,80.733943,0.2517321016166282
434,108,109,283,0.325,0.463,88.48,83.33,81.65137999999999,0.2511520737327189
435,108,109,283,0.3361,0.4425,87.82,83.33,81.65137999999999,0.25057471264367814
436,108,109,283,0.3293,0.4357,88.53,83.33,83.48624,0.25
437,108,109,283,0.3373,0.434,87.87,82.41000000000001,82.568806,0.2494279176201373
438,108,109,283,0.3245,0.4315,87.9,83.33,82.568806,0.24885844748858446
439,108,109,283,0.3178,0.4306,87.7,82.41000000000001,82.568806,0.24829157175398633
440,108,109,283,0.3206,0.4303,88.18,82.41000000000001,81.65137999999999,0.24772727272727274
