train/circ,valid/circ,test/circ,parameters,train/loss,valid/loss,train/acc,valid/acc,test/acc,train/test
5,5,8,107,0.1045,0.6778,100.0,80.0,87.5,1.6
6,18,19,134,0.0553,1.3054,100.0,55.559999999999995,63.15789000000001,3.1666666666666665
7,22,25,137,0.0569,1.13,100.0,63.63999999999999,68.0,3.5714285714285716
8,29,30,140,0.0461,1.144,100.0,65.52,66.66667,3.75
9,37,35,152,0.0647,0.9897,100.0,67.57,65.71428999999999,3.888888888888889
10,45,42,161,0.0411,1.4037,100.0,53.33,71.428573,4.2
11,47,46,173,0.0687,1.4585,100.0,48.94,71.73912999999999,4.181818181818182
12,47,46,173,0.0887,1.4869,100.0,51.06,71.73912999999999,3.8333333333333335
13,53,52,190,0.0467,1.4197,100.0,52.83,71.15384999999999,4.0
14,70,64,193,0.0502,1.1586,100.0,61.42999999999999,75.0,4.571428571428571
15,70,64,193,0.0592,1.1833,100.0,60.0,75.0,4.266666666666667
16,73,67,196,0.0614,1.237,100.0,57.53,74.62687,4.1875
17,73,67,196,0.0897,1.4258,100.0,57.53,74.62687,3.9411764705882355
18,85,74,199,0.0696,1.2249,100.0,60.0,72.97297,4.111111111111111
19,87,78,205,0.0546,1.1986,100.0,59.77,74.358976,4.105263157894737
20,87,81,208,0.0762,1.1299,100.0,63.22,76.54320999999999,4.05
21,87,84,211,0.0634,1.2368,100.0,63.22,75.0,4.0
22,87,84,211,0.1185,1.0146,95.45,60.919999999999995,71.428573,3.8181818181818183
23,87,84,211,0.1127,0.8963,100.0,62.07,69.04762,3.652173913043478
24,87,84,211,0.1149,0.8454,100.0,60.919999999999995,72.61905,3.5
25,87,84,211,0.0998,0.8793,100.0,60.919999999999995,73.80951999999999,3.36
26,90,89,214,0.1161,0.9725,100.0,56.67,70.78652,3.423076923076923
27,93,90,217,0.0929,0.9641,100.0,58.06,71.11111,3.3333333333333335
28,93,90,217,0.1279,0.978,96.43,55.910000000000004,72.222227,3.2142857142857144
29,93,90,217,0.1194,0.9505,96.55,56.989999999999995,72.222227,3.103448275862069
30,96,92,223,0.1426,0.9403,96.67,57.29,71.73912999999999,3.066666666666667
31,96,92,223,0.1329,0.9292,96.77,53.12,70.652175,2.967741935483871
32,96,92,223,0.1406,0.9035,93.75,54.169999999999995,70.652175,2.875
33,96,92,223,0.1307,0.9223,96.97,53.12,71.73912999999999,2.787878787878788
34,96,92,223,0.1292,0.9348,97.06,52.080000000000005,72.82609,2.7058823529411766
35,97,96,229,0.143,0.9596,97.14,53.61,72.91667,2.742857142857143
36,97,96,229,0.1517,0.9675,97.22,51.55,71.875,2.6666666666666665
37,97,96,229,0.1232,0.9908,97.3,53.61,71.875,2.5945945945945947
38,97,96,229,0.1294,0.9727,97.37,53.61,68.75,2.526315789473684
39,101,101,232,0.1364,0.8905,97.44,55.45,69.30693,2.58974358974359
40,104,104,235,0.1259,0.8365,100.0,60.58,65.38462,2.6
41,104,104,235,0.1385,0.8285,97.56,61.53999999999999,63.46154000000001,2.5365853658536586
42,104,104,235,0.1555,0.8067,92.86,59.62,64.42308,2.4761904761904763
43,104,104,235,0.1684,0.7914,97.67,59.62,64.42308,2.4186046511627906
43,104,104,235,0.1531,0.7761,97.67,59.62,63.46154000000001,2.4186046511627906
45,104,104,235,0.1401,0.7757,97.78,58.650000000000006,63.46154000000001,2.311111111111111
46,104,104,235,0.144,0.8243,97.83,58.650000000000006,62.5,2.260869565217391
47,104,104,235,0.1594,0.7711,95.74000000000001,62.5,67.30769,2.2127659574468086
48,104,104,235,0.155,0.747,97.92,62.5,65.38462,2.1666666666666665
49,104,104,235,0.1275,0.7823,97.96000000000001,61.53999999999999,66.34615699999999,2.122448979591837
50,104,104,235,0.1557,0.8278,98.0,60.58,65.38462,2.08
51,104,104,235,0.1507,0.833,96.08,61.53999999999999,63.46154000000001,2.0392156862745097
52,104,104,235,0.1141,0.8355,98.08,61.53999999999999,64.42308,2.0
53,104,104,235,0.1114,0.8387,98.11,60.58,63.46154000000001,1.9622641509433962
54,104,104,235,0.1336,0.8514,98.15,58.650000000000006,63.46154000000001,1.9259259259259258
55,104,104,235,0.1179,0.8276,98.18,58.650000000000006,66.34615699999999,1.8909090909090909
56,104,104,235,0.1152,0.8296,100.0,61.53999999999999,65.38462,1.8571428571428572
57,104,104,235,0.096,0.855,100.0,61.53999999999999,63.46154000000001,1.8245614035087718
58,108,108,238,0.1163,0.8563,98.28,61.11,62.03704,1.8620689655172413
59,108,108,238,0.1125,0.8474,98.31,61.11,62.96296,1.8305084745762712
60,108,108,238,0.1354,0.8644,98.33,60.19,63.888889999999996,1.8
61,108,108,238,0.1084,0.8802,98.36,62.03999999999999,66.66667,1.7704918032786885
62,108,108,238,0.1316,0.8359,98.39,60.19,63.888889999999996,1.7419354838709677
63,108,108,238,0.1345,0.7836,95.24000000000001,62.96000000000001,66.66667,1.7142857142857142
64,108,108,238,0.1285,0.789,95.30999999999999,63.89,65.74074,1.6875
65,108,108,238,0.1409,0.7689,96.92,62.96000000000001,64.81482,1.6615384615384616
66,108,108,238,0.119,0.7737,96.97,65.74,65.74074,1.6363636363636365
67,108,108,238,0.1322,0.7741,95.52000000000001,66.67,65.74074,1.6119402985074627
68,108,108,238,0.1262,0.7628,97.06,64.81,66.66667,1.588235294117647
69,108,108,238,0.1289,0.7401,97.1,67.58999999999999,69.44445,1.565217391304348
70,108,108,238,0.1355,0.7292,97.14,67.58999999999999,68.51852000000001,1.542857142857143
71,108,108,238,0.1628,0.7562,95.77,67.58999999999999,69.44445,1.5211267605633803
72,108,108,238,0.1276,0.731,95.83,67.58999999999999,72.22222000000001,1.5
73,108,108,238,0.1408,0.7104,95.89,67.58999999999999,73.14815,1.4794520547945205
74,108,108,238,0.1535,0.7067,95.95,69.44,66.66667,1.4594594594594594
75,108,108,238,0.1508,0.7143,94.67,68.52000000000001,66.66667,1.44
76,108,108,238,0.1567,0.7509,93.42,67.58999999999999,67.59259,1.4210526315789473
77,108,108,238,0.157,0.7189,93.51,67.58999999999999,67.59259,1.4025974025974026
78,108,108,238,0.1745,0.7041,93.58999999999999,68.52000000000001,68.51852000000001,1.3846153846153846
79,108,108,238,0.1329,0.7142,96.2,67.58999999999999,70.37037000000001,1.3670886075949367
80,108,108,238,0.1654,0.6955,93.75,67.58999999999999,69.44445,1.35
81,108,108,238,0.1875,0.6539,91.36,65.74,67.59259,1.3333333333333333
82,108,108,238,0.185,0.6404,93.89999999999999,66.67,67.59259,1.3170731707317074
83,108,108,238,0.2136,0.6328,90.36,69.44,67.59259,1.3012048192771084
84,108,108,238,0.1968,0.6316,91.67,71.3,66.66667,1.2857142857142858
85,108,108,238,0.1996,0.6626,95.28999999999999,71.3,64.81482,1.2705882352941176
86,108,108,238,0.1982,0.6544,93.02,71.3,66.66667,1.255813953488372
87,108,108,238,0.1831,0.6519,93.10000000000001,70.37,66.66667,1.2413793103448276
88,108,108,238,0.1938,0.6459,93.17999999999999,69.44,68.51852000000001,1.2272727272727273
89,108,108,238,0.1668,0.6517,95.50999999999999,68.52000000000001,70.37037000000001,1.2134831460674158
90,108,108,238,0.1679,0.6358,93.33,65.74,71.2963,1.2
91,108,108,238,0.1859,0.632,93.41000000000001,66.67,70.37037000000001,1.1868131868131868
92,108,108,238,0.1676,0.6446,93.47999999999999,66.67,70.37037000000001,1.173913043478261
93,108,108,238,0.2059,0.6393,93.55,69.44,73.14815,1.1612903225806452
94,108,108,238,0.1945,0.6387,92.55,69.44,73.14815,1.148936170212766
95,108,108,238,0.1882,0.6306,93.67999999999999,70.37,69.44445,1.1368421052631579
96,108,108,238,0.181,0.6245,92.71000000000001,72.22,71.2963,1.125
97,108,108,238,0.2093,0.6253,92.78,72.22,70.37037000000001,1.1134020618556701
98,108,108,238,0.1936,0.6151,94.89999999999999,72.22,70.37037000000001,1.1020408163265305
99,108,108,238,0.194,0.6257,91.92,72.22,70.37037000000001,1.0909090909090908
100,108,108,238,0.1995,0.6436,93.0,71.3,70.37037000000001,1.08
101,108,108,241,0.2099,0.6331,95.05,72.22,72.22222000000001,1.0693069306930694
102,108,108,241,0.1836,0.6485,94.12,72.22,73.14815,1.0588235294117647
103,108,108,241,0.1863,0.6134,96.12,70.37,72.22222000000001,1.0485436893203883
104,108,108,241,0.1823,0.6003,96.15,70.37,73.14815,1.0384615384615385
105,108,108,241,0.1775,0.6025,96.19,71.3,75.92593,1.0285714285714285
106,108,108,241,0.1913,0.6185,94.34,68.52000000000001,70.37037000000001,1.0188679245283019
107,108,108,241,0.2036,0.6238,95.33,67.58999999999999,74.07408,1.0093457943925233
108,108,108,241,0.2045,0.6215,92.58999999999999,66.67,74.07408,1.0
109,108,108,241,0.1957,0.6119,94.5,70.37,75.0,0.9908256880733946
110,108,108,241,0.2307,0.5961,90.91,69.44,75.92593,0.9818181818181818
111,108,108,241,0.2192,0.5815,92.78999999999999,71.3,75.92593,0.972972972972973
112,108,108,241,0.2223,0.596,91.07,66.67,75.92593,0.9642857142857143
113,108,108,241,0.2297,0.6031,92.04,66.67,75.92593,0.9557522123893806
114,108,108,241,0.2137,0.605,92.97999999999999,67.58999999999999,75.0,0.9473684210526315
115,108,108,241,0.2385,0.6049,92.17,67.58999999999999,75.0,0.9391304347826087
116,108,108,241,0.2469,0.5843,92.24,70.37,74.07408,0.9310344827586207
117,108,108,241,0.2101,0.5764,94.02000000000001,71.3,75.92593,0.9230769230769231
118,108,108,241,0.2292,0.5803,94.07,70.37,75.92593,0.9152542372881356
119,108,108,241,0.2372,0.5758,92.44,72.22,75.0,0.907563025210084
120,108,108,241,0.2224,0.5692,90.83,72.22,75.0,0.9
121,108,108,241,0.225,0.5615,92.56,72.22,76.85185,0.8925619834710744
122,109,109,244,0.2165,0.5949,93.44,70.64,75.22935,0.8934426229508197
123,109,109,244,0.2282,0.5869,91.06,72.48,76.14679,0.8861788617886179
124,110,109,253,0.2291,0.5837,92.74,74.55000000000001,76.14679,0.8790322580645161
125,110,109,253,0.2255,0.5793,92.80000000000001,74.55000000000001,76.14679,0.872
126,110,109,253,0.2419,0.5791,92.86,75.44999999999999,76.14679,0.8650793650793651
127,110,109,253,0.2119,0.5833,92.13,75.44999999999999,76.14679,0.8582677165354331
128,110,109,253,0.2119,0.5672,92.97,76.36,76.14679,0.8515625
129,110,109,253,0.2272,0.5688,93.8,75.44999999999999,77.98165,0.8449612403100775
130,110,109,253,0.2129,0.568,94.62,77.27000000000001,79.81651,0.8384615384615385
131,110,109,253,0.2028,0.5739,91.60000000000001,76.36,77.064216,0.8320610687022901
132,110,109,253,0.2186,0.5662,90.91,76.36,77.98165,0.8257575757575758
133,110,109,253,0.2038,0.5606,92.47999999999999,76.36,78.89908,0.8195488721804511
134,111,110,268,0.1939,0.5595,94.78,74.77000000000001,79.999995,0.8208955223880597
135,111,110,268,0.2219,0.5539,92.58999999999999,74.77000000000001,79.999995,0.8148148148148148
136,111,110,268,0.2315,0.551,92.65,74.77000000000001,80.90908999999999,0.8088235294117647
137,111,110,268,0.2133,0.553,92.7,74.77000000000001,80.90908999999999,0.8029197080291971
138,111,110,268,0.2096,0.5469,93.47999999999999,75.68,81.81818,0.7971014492753623
139,111,110,268,0.225,0.5488,91.36999999999999,76.58,81.81818,0.7913669064748201
140,111,110,268,0.2209,0.5487,92.14,77.48,81.81818,0.7857142857142857
141,111,110,268,0.2376,0.5445,91.49000000000001,76.58,81.81818,0.7801418439716312
142,111,110,268,0.2573,0.545,91.55,77.48,81.81818,0.7746478873239436
143,111,110,268,0.2299,0.5484,90.91,78.38000000000001,81.81818,0.7692307692307693
144,111,110,268,0.2172,0.5444,92.36,77.48,80.90908999999999,0.7638888888888888
145,111,110,268,0.1942,0.5541,93.78999999999999,76.58,81.81818,0.7586206896551724
146,111,110,268,0.2038,0.5574,91.78,75.68,80.90908999999999,0.7534246575342466
147,111,110,268,0.2141,0.5601,91.84,74.77000000000001,79.999995,0.7482993197278912
148,111,110,268,0.2176,0.5577,93.24,77.48,81.81818,0.7432432432432432
149,111,110,268,0.2485,0.5383,91.95,77.48,80.90908999999999,0.738255033557047
150,111,110,268,0.2383,0.5272,94.0,77.48,81.81818,0.7333333333333333
151,111,110,268,0.2242,0.5291,90.73,78.38000000000001,81.81818,0.7284768211920529
152,111,110,268,0.2244,0.5265,90.13,75.68,80.90908999999999,0.7236842105263158
153,111,110,268,0.238,0.5243,91.5,75.68,80.90908999999999,0.7189542483660131
154,111,110,268,0.1965,0.5345,92.21000000000001,75.68,80.90908999999999,0.7142857142857143
155,111,110,268,0.2079,0.5376,93.55,76.58,80.90908999999999,0.7096774193548387
156,111,110,268,0.223,0.5421,91.67,74.77000000000001,79.999995,0.7051282051282052
157,111,110,268,0.2072,0.5537,91.08000000000001,75.68,79.999995,0.7006369426751592
158,111,110,268,0.2017,0.5476,92.41,77.48,80.90908999999999,0.6962025316455697
159,111,110,268,0.2368,0.5698,92.45,77.48,80.90908999999999,0.6918238993710691
160,111,110,268,0.2201,0.5843,90.62,75.68,79.999995,0.6875
161,111,110,268,0.22,0.574,90.68,76.58,80.90908999999999,0.6832298136645962
162,111,110,268,0.2369,0.5623,89.51,76.58,80.90908999999999,0.6790123456790124
163,111,110,268,0.2186,0.5605,90.18,76.58,80.90908999999999,0.6748466257668712
164,111,110,268,0.2423,0.5585,91.46,76.58,80.90908999999999,0.6707317073170732
165,111,110,268,0.2524,0.5434,88.48,75.68,80.90908999999999,0.6666666666666666
166,111,110,268,0.2316,0.5358,90.96,75.68,80.90908999999999,0.6626506024096386
167,111,110,268,0.2251,0.5357,90.42,75.68,80.90908999999999,0.6586826347305389
168,111,110,268,0.2371,0.5245,89.88000000000001,75.68,79.999995,0.6547619047619048
169,111,110,268,0.2155,0.526,91.12,75.68,79.999995,0.650887573964497
170,111,110,268,0.223,0.5361,90.59,74.77000000000001,79.999995,0.6470588235294118
171,111,110,268,0.2459,0.528,90.64,75.68,80.90908999999999,0.6432748538011696
172,111,110,268,0.2281,0.5315,89.53,74.77000000000001,80.90908999999999,0.6395348837209303
173,111,110,268,0.2244,0.5338,90.16999999999999,76.58,80.90908999999999,0.6358381502890174
174,111,110,268,0.2344,0.5051,91.95,79.28,81.81818,0.632183908045977
175,111,110,268,0.2287,0.5106,89.14,79.28,80.90908999999999,0.6285714285714286
176,113,111,271,0.2407,0.512,89.2,78.75999999999999,80.18018000000001,0.6306818181818182
177,113,111,271,0.2484,0.5156,91.53,78.75999999999999,79.27928,0.6271186440677966
178,113,111,271,0.2378,0.5216,90.45,78.75999999999999,79.27928,0.6235955056179775
179,113,111,271,0.2415,0.5211,88.27000000000001,78.75999999999999,79.27928,0.6201117318435754
180,113,111,271,0.2519,0.5139,90.56,78.75999999999999,79.27928,0.6166666666666667
181,113,111,271,0.2478,0.5314,90.06,78.75999999999999,79.27928,0.6132596685082873
182,113,111,271,0.247,0.5237,88.46000000000001,78.75999999999999,79.27928,0.6098901098901099
183,113,111,271,0.2618,0.5261,90.71000000000001,78.75999999999999,79.27928,0.6065573770491803
184,113,111,271,0.2635,0.5227,89.67,78.75999999999999,79.27928,0.6032608695652174
185,113,111,271,0.2377,0.5199,89.73,78.75999999999999,79.27928,0.6
186,113,111,271,0.2311,0.5183,89.78,78.75999999999999,79.27928,0.5967741935483871
187,113,111,271,0.2507,0.5253,87.17,76.99000000000001,80.18018000000001,0.5935828877005348
188,113,111,271,0.245,0.5287,88.3,77.88000000000001,80.18018000000001,0.5904255319148937
189,113,111,271,0.2478,0.5294,88.36,80.53,80.18018000000001,0.5873015873015873
190,113,111,271,0.2656,0.5282,90.0,77.88000000000001,80.18018000000001,0.5842105263157895
191,113,111,271,0.2511,0.5358,87.96000000000001,77.88000000000001,80.18018000000001,0.581151832460733
192,113,111,271,0.2654,0.5246,89.58,77.88000000000001,80.18018000000001,0.578125
193,113,111,271,0.2486,0.5266,89.12,77.88000000000001,80.18018000000001,0.5751295336787565
194,113,111,271,0.2462,0.5266,90.21000000000001,77.88000000000001,80.18018000000001,0.5721649484536082
195,113,111,271,0.247,0.5346,88.72,77.88000000000001,80.18018000000001,0.5692307692307692
196,113,111,271,0.2494,0.5369,89.29,78.75999999999999,80.18018000000001,0.5663265306122449
197,113,111,271,0.262,0.5265,89.85,76.99000000000001,80.18018000000001,0.5634517766497462
198,113,111,271,0.258,0.5227,90.91,76.99000000000001,80.18018000000001,0.5606060606060606
199,113,111,271,0.2379,0.523,89.95,77.88000000000001,80.18018000000001,0.5577889447236181
200,113,111,271,0.2293,0.5223,90.5,76.99000000000001,80.18018000000001,0.555
201,113,111,271,0.243,0.5277,89.05,76.99000000000001,81.08108,0.5522388059701493
202,113,111,271,0.2348,0.5186,90.10000000000001,76.99000000000001,81.08108,0.5495049504950495
203,113,111,271,0.2448,0.5139,89.16,77.88000000000001,81.981987,0.5467980295566502
204,113,111,271,0.2412,0.5141,89.71000000000001,76.99000000000001,81.981987,0.5441176470588235
205,113,111,271,0.2457,0.5175,89.75999999999999,77.88000000000001,81.981987,0.5414634146341464
206,113,111,271,0.2572,0.5246,89.81,77.88000000000001,81.981987,0.5388349514563107
207,113,111,271,0.2545,0.5152,90.82000000000001,77.88000000000001,81.981987,0.5362318840579711
208,113,111,271,0.2323,0.5177,90.38000000000001,76.99000000000001,80.18018000000001,0.5336538461538461
209,113,111,271,0.2303,0.527,90.42999999999999,77.88000000000001,82.88289,0.5311004784688995
210,113,111,271,0.2434,0.52,88.57000000000001,78.75999999999999,82.88289,0.5285714285714286
211,113,111,271,0.2335,0.5163,91.0,78.75999999999999,81.981987,0.5260663507109005
212,113,111,271,0.2449,0.5149,89.62,78.75999999999999,82.88289,0.5235849056603774
213,113,111,271,0.2561,0.5121,92.02,78.75999999999999,83.78379,0.5211267605633803
214,113,111,271,0.2358,0.5219,89.72,78.75999999999999,81.981987,0.5186915887850467
215,113,111,271,0.2335,0.5161,89.77000000000001,78.75999999999999,81.08108,0.5162790697674419
216,113,111,271,0.2483,0.5114,88.89,78.75999999999999,81.981987,0.5138888888888888
217,113,111,271,0.259,0.5157,91.71000000000001,78.75999999999999,81.981987,0.511520737327189
218,113,111,271,0.2555,0.5054,90.36999999999999,79.65,81.981987,0.5091743119266054
219,113,111,271,0.2403,0.506,89.95,81.42,81.08108,0.5068493150684932
219,113,111,271,0.2341,0.5126,89.5,80.53,82.88289,0.5068493150684932
220,113,111,271,0.2465,0.504,90.0,80.53,83.78379,0.5045454545454545
221,113,111,271,0.236,0.5059,89.14,79.65,83.78379,0.502262443438914
222,113,111,271,0.2489,0.5129,89.64,79.65,83.78379,0.5
223,113,111,271,0.2596,0.5076,90.58,78.75999999999999,81.981987,0.4977578475336323
224,113,111,271,0.2388,0.5063,89.29,78.75999999999999,81.981987,0.4955357142857143
225,113,111,271,0.2696,0.5114,90.22,81.42,80.18018000000001,0.49333333333333335
226,113,111,271,0.2464,0.5071,89.82,81.42,81.981987,0.4911504424778761
227,113,111,271,0.2418,0.5188,89.42999999999999,80.53,82.88289,0.4889867841409692
228,113,111,271,0.2702,0.5185,89.47,79.65,82.88289,0.4868421052631579
229,113,111,271,0.2838,0.5057,88.64999999999999,81.42,82.88289,0.4847161572052402
230,113,111,271,0.2637,0.4898,89.13,81.42,82.88289,0.4826086956521739
231,113,111,271,0.2849,0.4855,88.74,81.42,82.88289,0.4805194805194805
232,113,111,271,0.2689,0.4818,89.66,79.65,82.88289,0.47844827586206895
233,113,111,271,0.2597,0.4831,89.27000000000001,79.65,82.88289,0.47639484978540775
234,113,111,271,0.2618,0.4797,89.74,81.42,82.88289,0.47435897435897434
235,113,111,271,0.2476,0.4774,89.79,78.75999999999999,82.88289,0.4723404255319149
236,113,111,271,0.2402,0.4762,90.25,78.75999999999999,83.78379,0.4703389830508475
237,113,111,271,0.2616,0.4756,89.45,78.75999999999999,83.78379,0.46835443037974683
238,113,111,271,0.272,0.4797,87.39,79.65,82.88289,0.46638655462184875
239,113,111,271,0.2399,0.4782,89.96,79.65,82.88289,0.46443514644351463
240,113,111,271,0.2626,0.473,88.33,81.42,81.981987,0.4625
241,113,111,271,0.2432,0.4703,90.03999999999999,81.42,80.18018000000001,0.4605809128630705
242,113,111,271,0.2541,0.4717,88.02,83.19,79.27928,0.45867768595041325
243,113,111,271,0.2637,0.4717,88.89,81.42,81.08108,0.4567901234567901
244,113,111,271,0.2647,0.4778,88.52,82.3,80.18018000000001,0.45491803278688525
245,113,111,271,0.2617,0.4616,88.57000000000001,84.07,80.18018000000001,0.4530612244897959
246,113,111,271,0.2636,0.4701,89.42999999999999,83.19,81.08108,0.45121951219512196
247,113,111,271,0.2536,0.4632,88.66000000000001,82.3,80.18018000000001,0.4493927125506073
248,113,111,271,0.2781,0.464,88.31,83.19,81.08108,0.4475806451612903
249,113,111,271,0.2703,0.4592,89.56,84.07,80.18018000000001,0.4457831325301205
250,113,111,271,0.2571,0.4636,88.8,84.07,79.27928,0.444
251,113,111,271,0.2574,0.465,90.03999999999999,84.07,80.18018000000001,0.44223107569721115
252,113,111,271,0.2838,0.4626,89.68,83.19,80.18018000000001,0.44047619047619047
253,113,111,271,0.252,0.4619,91.3,81.42,79.27928,0.43873517786561267
254,113,111,271,0.2606,0.4618,90.55,82.3,80.18018000000001,0.43700787401574803
255,113,111,271,0.2539,0.4635,90.2,81.42,81.08108,0.43529411764705883
256,113,111,271,0.2602,0.4636,89.84,79.65,80.18018000000001,0.43359375
257,113,111,271,0.2549,0.4645,89.11,82.3,79.27928,0.43190661478599224
258,113,111,271,0.252,0.4652,89.92,82.3,79.27928,0.43023255813953487
259,113,111,271,0.2438,0.4658,89.58,82.3,78.37838,0.42857142857142855
260,113,111,271,0.2629,0.4542,88.46000000000001,83.19,80.18018000000001,0.4269230769230769
261,113,111,271,0.2597,0.462,88.89,81.42,78.37838,0.42528735632183906
262,113,111,271,0.2558,0.4606,88.92999999999999,83.19,80.18018000000001,0.42366412213740456
263,113,111,271,0.2677,0.4721,89.73,82.3,80.18018000000001,0.4220532319391635
264,113,111,271,0.2646,0.4768,90.14999999999999,81.42,79.27928,0.42045454545454547
265,113,111,271,0.2782,0.4736,88.68,81.42,80.18018000000001,0.4188679245283019
266,113,111,271,0.2744,0.467,89.1,83.19,79.27928,0.41729323308270677
267,113,111,271,0.2553,0.4719,89.51,83.19,80.18018000000001,0.4157303370786517
268,113,111,271,0.2503,0.4666,90.3,83.19,79.27928,0.4141791044776119
269,113,111,271,0.2573,0.4709,86.99,83.19,79.27928,0.41263940520446096
270,113,111,271,0.2602,0.4606,90.36999999999999,84.07,78.37838,0.4111111111111111
271,113,111,271,0.2608,0.4588,88.19,84.07,80.18018000000001,0.4095940959409594
272,113,111,271,0.2628,0.4471,90.44,84.07,79.27928,0.40808823529411764
273,113,111,271,0.2877,0.4477,88.64,83.19,79.27928,0.4065934065934066
274,113,111,271,0.2743,0.4512,89.42,82.3,79.27928,0.4051094890510949
275,113,111,271,0.2801,0.4583,88.73,81.42,79.27928,0.4036363636363636
276,113,111,271,0.2774,0.4626,87.68,82.3,80.18018000000001,0.40217391304347827
277,113,111,271,0.2795,0.4566,88.81,81.42,80.18018000000001,0.4007220216606498
278,113,111,271,0.274,0.458,88.49000000000001,82.3,79.27928,0.39928057553956836
279,113,111,271,0.307,0.4483,87.81,83.19,79.27928,0.3978494623655914
280,113,111,271,0.2728,0.4584,89.64,81.42,79.27928,0.3964285714285714
281,113,111,271,0.294,0.4577,87.53999999999999,81.42,78.37838,0.39501779359430605
282,113,111,271,0.2837,0.4592,89.72,82.3,79.27928,0.39361702127659576
283,113,111,271,0.2639,0.4514,88.69,81.42,79.27928,0.392226148409894
284,113,111,271,0.2814,0.4483,89.08,82.3,79.27928,0.3908450704225352
285,113,111,271,0.2871,0.4487,90.18,83.19,79.27928,0.3894736842105263
286,113,111,271,0.279,0.4573,89.16,82.3,79.27928,0.3881118881118881
287,113,111,271,0.2827,0.4478,89.9,82.3,78.37838,0.3867595818815331
288,113,111,271,0.2871,0.4464,87.85,82.3,78.37838,0.3854166666666667
289,113,111,271,0.2732,0.4517,87.53999999999999,80.53,77.47748,0.38408304498269896
290,113,111,271,0.2773,0.452,88.62,79.65,78.37838,0.38275862068965516
291,113,111,271,0.2656,0.4563,89.69,79.65,78.37838,0.38144329896907214
292,113,111,271,0.2935,0.4717,88.7,79.65,78.37838,0.3801369863013699
293,113,111,271,0.2853,0.4539,88.74,79.65,78.37838,0.378839590443686
294,113,111,271,0.2935,0.4549,88.78,79.65,78.37838,0.37755102040816324
295,113,111,271,0.2744,0.4482,89.49000000000001,79.65,78.37838,0.376271186440678
296,113,111,271,0.2851,0.4575,88.51,79.65,78.37838,0.375
297,113,111,271,0.2651,0.4621,89.56,81.42,78.37838,0.37373737373737376
298,113,111,271,0.28,0.4504,87.58,81.42,78.37838,0.3724832214765101
299,113,111,271,0.2879,0.4585,89.97,81.42,78.37838,0.3712374581939799
300,113,111,271,0.2859,0.465,89.33,81.42,78.37838,0.37
301,113,111,271,0.2634,0.4628,89.7,81.42,77.47748,0.3687707641196013
302,113,111,271,0.28,0.4605,87.75,81.42,78.37838,0.3675496688741722
303,113,111,271,0.286,0.4648,90.10000000000001,81.42,78.37838,0.36633663366336633
304,113,111,271,0.2851,0.455,88.82,82.3,78.37838,0.3651315789473684
305,113,111,271,0.2657,0.449,88.52,81.42,77.47748,0.3639344262295082
306,113,111,271,0.2635,0.4582,88.24,82.3,77.47748,0.3627450980392157
307,113,111,271,0.2762,0.4539,87.3,81.42,77.47748,0.36156351791530944
308,113,111,271,0.2645,0.4564,90.58,80.53,78.37838,0.36038961038961037
309,113,111,271,0.2629,0.4475,89.64,82.3,78.37838,0.3592233009708738
310,113,111,271,0.2764,0.4693,87.42,82.3,77.47748,0.3580645161290323
311,113,111,271,0.285,0.453,89.71000000000001,81.42,78.37838,0.35691318327974275
312,113,111,271,0.285,0.4425,89.1,83.19,78.37838,0.3557692307692308
313,113,111,271,0.2634,0.441,89.14,81.42,78.37838,0.3546325878594249
314,113,111,271,0.2634,0.4594,88.85,82.3,78.37838,0.3535031847133758
315,113,111,271,0.2729,0.4468,87.62,82.3,78.37838,0.3523809523809524
316,113,111,271,0.2606,0.445,89.87,81.42,78.37838,0.3512658227848101
317,113,111,271,0.2757,0.4417,88.33,81.42,78.37838,0.3501577287066246
318,113,111,271,0.2644,0.4397,89.31,81.42,77.47748,0.3490566037735849
319,113,111,271,0.2803,0.4436,88.4,81.42,77.47748,0.34796238244514105
320,113,111,271,0.2635,0.4417,89.38000000000001,82.3,77.47748,0.346875
321,113,111,271,0.2801,0.4417,88.47,82.3,77.47748,0.34579439252336447
322,113,111,271,0.284,0.4457,88.51,81.42,77.47748,0.3447204968944099
323,113,111,271,0.2623,0.439,89.78,80.53,77.47748,0.34365325077399383
324,113,111,271,0.2793,0.4408,88.58,80.53,77.47748,0.3425925925925926
325,113,111,271,0.2839,0.4482,88.62,80.53,77.47748,0.3415384615384615
326,113,111,271,0.2857,0.4389,88.96,80.53,78.37838,0.34049079754601225
327,113,111,271,0.2621,0.4364,89.3,80.53,79.27928,0.3394495412844037
328,113,111,271,0.2665,0.4435,89.33,81.42,79.27928,0.3384146341463415
329,113,111,271,0.2723,0.4382,88.14999999999999,81.42,80.18018000000001,0.3373860182370821
330,113,111,271,0.2666,0.431,89.09,81.42,81.08108,0.33636363636363636
331,113,111,271,0.2816,0.4304,88.22,82.3,81.08108,0.33534743202416917
332,113,111,271,0.283,0.4272,89.46,82.3,81.08108,0.33433734939759036
333,113,111,271,0.2714,0.4276,87.39,84.07,81.08108,0.3333333333333333
334,113,111,271,0.2871,0.4428,89.82,84.07,80.18018000000001,0.3323353293413174
335,113,111,271,0.2714,0.441,89.85,83.19,81.08108,0.33134328358208953
336,113,111,271,0.2705,0.452,89.29,84.07,81.08108,0.33035714285714285
337,113,111,271,0.2666,0.4405,89.91,84.07,81.08108,0.3293768545994065
338,113,111,271,0.2843,0.437,87.87,84.07,81.08108,0.32840236686390534
339,113,111,271,0.2904,0.4439,88.79,83.19,80.18018000000001,0.3274336283185841
340,113,111,271,0.2896,0.4423,88.24,83.19,81.08108,0.3264705882352941
341,113,111,271,0.2692,0.439,87.68,83.19,81.08108,0.3255131964809384
342,113,111,283,0.2828,0.4286,88.01,82.3,81.08108,0.32456140350877194
343,113,111,283,0.2756,0.4321,89.8,83.19,81.08108,0.3236151603498542
344,113,111,283,0.2783,0.4359,88.08,82.3,80.18018000000001,0.3226744186046512
345,113,111,283,0.2841,0.4403,88.12,82.3,80.18018000000001,0.3217391304347826
346,113,111,283,0.2846,0.4502,89.02,82.3,81.08108,0.3208092485549133
347,113,111,283,0.289,0.4531,89.05,82.3,81.08108,0.31988472622478387
348,113,111,283,0.283,0.4651,89.66,83.19,81.08108,0.31896551724137934
349,113,111,283,0.2805,0.4442,85.39,83.19,81.08108,0.31805157593123207
350,113,111,283,0.2828,0.4394,87.71,83.19,81.981987,0.3171428571428571
351,113,111,283,0.2778,0.4467,88.89,84.07,81.08108,0.3162393162393162
352,113,111,283,0.2784,0.4706,88.92,84.07,81.981987,0.3153409090909091
353,113,111,283,0.2778,0.4457,88.94999999999999,84.07,81.08108,0.31444759206798867
354,113,111,283,0.2749,0.4427,88.42,84.07,81.08108,0.3135593220338983
355,113,111,283,0.278,0.4432,89.3,84.07,80.18018000000001,0.3126760563380282
356,113,111,283,0.275,0.455,88.2,84.07,80.18018000000001,0.31179775280898875
357,113,111,283,0.2804,0.4494,90.75999999999999,84.07,80.18018000000001,0.31092436974789917
358,113,111,283,0.2596,0.4605,89.39,83.19,81.08108,0.3100558659217877
359,113,111,283,0.2804,0.4758,88.86,84.96000000000001,80.18018000000001,0.30919220055710306
360,113,111,283,0.274,0.4534,87.78,84.07,80.18018000000001,0.30833333333333335
361,113,111,283,0.2785,0.4441,88.64,84.96000000000001,80.18018000000001,0.3074792243767313
362,113,111,283,0.2792,0.4513,88.67,84.96000000000001,80.18018000000001,0.30662983425414364
363,113,111,283,0.2719,0.4503,88.14999999999999,84.96000000000001,80.18018000000001,0.30578512396694213
364,113,111,283,0.2702,0.4576,90.38000000000001,84.96000000000001,81.08108,0.30494505494505497
365,113,111,283,0.2806,0.4491,87.4,84.07,80.18018000000001,0.3041095890410959
366,113,111,283,0.2889,0.4377,88.52,83.19,80.18018000000001,0.30327868852459017
367,113,111,283,0.2684,0.4382,88.56,84.07,81.08108,0.3024523160762943
368,113,111,283,0.2953,0.432,88.86,84.07,81.08108,0.3016304347826087
369,113,111,283,0.2873,0.4381,88.62,84.07,81.08108,0.3008130081300813
370,113,111,283,0.2873,0.4487,88.92,84.07,81.08108,0.3
371,113,111,283,0.2839,0.4445,89.49000000000001,84.07,81.08108,0.2991913746630728
372,113,111,283,0.2812,0.4459,88.71,84.96000000000001,81.08108,0.29838709677419356
373,113,111,283,0.2696,0.443,89.01,84.96000000000001,81.08108,0.2975871313672922
374,113,111,283,0.2787,0.4529,88.77000000000001,84.96000000000001,79.27928,0.2967914438502674
375,113,111,283,0.271,0.4421,89.07000000000001,84.07,80.18018000000001,0.296
376,113,111,283,0.2773,0.4335,88.03,84.07,80.18018000000001,0.29521276595744683
377,113,111,283,0.2901,0.4375,90.45,84.07,80.18018000000001,0.29442970822281167
378,113,111,283,0.3032,0.4279,88.1,84.07,80.18018000000001,0.29365079365079366
379,113,111,283,0.2782,0.4475,88.92,84.07,80.18018000000001,0.2928759894459103
380,113,111,283,0.2719,0.4273,88.42,83.19,81.08108,0.29210526315789476
381,113,111,283,0.2819,0.4213,89.24,83.19,81.08108,0.29133858267716534
382,113,111,283,0.2845,0.4164,89.01,83.19,80.18018000000001,0.2905759162303665
383,113,111,283,0.2859,0.4094,88.25,83.19,81.981987,0.2898172323759791
384,113,111,283,0.2888,0.4148,89.58,83.19,80.18018000000001,0.2890625
385,113,111,283,0.2706,0.4084,88.83,83.19,81.981987,0.2883116883116883
386,113,111,283,0.2783,0.4028,89.38000000000001,82.3,81.981987,0.28756476683937826
387,113,111,283,0.2748,0.4042,89.14999999999999,82.3,81.08108,0.2868217054263566
388,113,111,283,0.2678,0.404,88.92,82.3,81.08108,0.2860824742268041
389,113,111,283,0.2781,0.4006,89.2,82.3,81.08108,0.2853470437017995
390,113,111,283,0.2739,0.4022,89.49000000000001,82.3,81.08108,0.2846153846153846
391,113,111,283,0.2787,0.4023,88.49000000000001,82.3,81.08108,0.28388746803069054
392,113,111,283,0.2767,0.4059,86.48,83.19,81.08108,0.28316326530612246
393,113,111,283,0.2815,0.4028,88.55,83.19,81.08108,0.2824427480916031
394,113,111,283,0.2801,0.3984,89.09,82.3,82.88289,0.2817258883248731
395,113,111,283,0.2756,0.3945,89.11,83.19,81.981987,0.2810126582278481
396,113,111,283,0.2732,0.4009,88.64,83.19,82.88289,0.2803030303030303
397,113,111,283,0.2804,0.3992,87.91,83.19,81.981987,0.2795969773299748
398,113,111,283,0.2818,0.3976,88.69,83.19,81.981987,0.27889447236180903
399,113,112,286,0.2884,0.3949,89.22,83.19,81.250006,0.2807017543859649
400,113,112,286,0.274,0.4074,89.25,83.19,82.14286,0.28
401,113,112,286,0.2745,0.3979,88.53,83.19,82.14286,0.2793017456359102
402,113,112,286,0.2672,0.3998,89.8,83.19,81.250006,0.27860696517412936
403,113,112,286,0.2863,0.3982,90.32,83.19,80.357146,0.27791563275434245
404,113,112,286,0.2873,0.3933,89.60000000000001,84.07,81.250006,0.27722772277227725
405,113,112,286,0.2728,0.3948,89.38000000000001,84.96000000000001,81.250006,0.2765432098765432
406,113,112,286,0.2641,0.3916,89.9,85.84,81.250006,0.27586206896551724
407,113,112,286,0.2796,0.3953,88.7,84.96000000000001,81.250006,0.2751842751842752
408,113,112,286,0.2923,0.4021,87.01,86.72999999999999,81.250006,0.27450980392156865
409,113,112,286,0.2847,0.3925,89.0,85.84,81.250006,0.27383863080684595
410,113,112,286,0.2768,0.3912,89.27000000000001,86.72999999999999,81.250006,0.2731707317073171
411,113,112,286,0.294,0.3848,89.78,86.72999999999999,80.357146,0.2725060827250608
412,113,112,286,0.2734,0.3914,88.59,86.72999999999999,80.357146,0.27184466019417475
413,113,112,286,0.2722,0.388,89.83,86.72999999999999,80.357146,0.2711864406779661
414,113,112,286,0.2921,0.3961,87.92,86.72999999999999,78.57142999999999,0.27053140096618356
415,113,112,286,0.2837,0.4136,88.92,86.72999999999999,79.464287,0.26987951807228916
416,113,112,286,0.2781,0.423,89.42,86.72999999999999,78.57142999999999,0.2692307692307692
417,113,112,286,0.2957,0.4187,89.45,87.61,78.57142999999999,0.2685851318944844
418,113,112,286,0.2779,0.4242,89.23,86.72999999999999,79.464287,0.2679425837320574
419,113,112,286,0.275,0.4148,89.25999999999999,86.72999999999999,78.57142999999999,0.26730310262529833
420,113,112,286,0.2792,0.4174,89.29,85.84,79.464287,0.26666666666666666
421,113,112,286,0.2831,0.4132,89.07000000000001,86.72999999999999,77.678573,0.2660332541567696
422,113,112,286,0.2821,0.4338,89.1,86.72999999999999,77.678573,0.26540284360189575
423,113,112,286,0.2811,0.4224,88.18,87.61,78.57142999999999,0.2647754137115839
424,113,112,286,0.277,0.4073,89.14999999999999,86.72999999999999,78.57142999999999,0.2641509433962264
425,113,112,286,0.2789,0.4143,88.24,86.72999999999999,78.57142999999999,0.2635294117647059
426,113,112,286,0.2966,0.4178,88.73,86.72999999999999,79.464287,0.26291079812206575
427,113,112,286,0.2956,0.4062,89.7,86.72999999999999,78.57142999999999,0.26229508196721313
428,113,112,286,0.2816,0.4029,87.62,86.72999999999999,78.57142999999999,0.2616822429906542
429,113,112,286,0.2823,0.4006,89.03999999999999,86.72999999999999,79.464287,0.26107226107226106
430,113,112,286,0.2912,0.4063,90.0,86.72999999999999,79.464287,0.26046511627906976
431,113,112,286,0.2739,0.3987,89.33,86.72999999999999,79.464287,0.25986078886310904
432,113,112,286,0.3064,0.4041,87.96000000000001,86.72999999999999,79.464287,0.25925925925925924
433,113,112,286,0.2903,0.4119,88.44999999999999,86.72999999999999,78.57142999999999,0.2586605080831409
434,113,112,286,0.273,0.4043,88.25,86.72999999999999,79.464287,0.25806451612903225
435,113,112,286,0.2782,0.3962,89.2,86.72999999999999,79.464287,0.2574712643678161
436,113,112,286,0.2687,0.3966,89.68,87.61,80.357146,0.25688073394495414
437,113,112,286,0.2729,0.394,88.33,86.72999999999999,81.250006,0.2562929061784897
438,113,112,286,0.2968,0.3926,88.36,86.72999999999999,81.250006,0.2557077625570776
439,113,112,286,0.282,0.396,89.07000000000001,87.61,81.250006,0.255125284738041
440,113,112,286,0.2716,0.4033,88.64,87.61,80.357146,0.2545454545454545
441,113,112,286,0.2748,0.4056,87.98,88.5,80.357146,0.25396825396825395
442,113,112,286,0.286,0.405,88.24,87.61,80.357146,0.25339366515837103
443,113,112,286,0.2853,0.4062,88.94,87.61,79.464287,0.2528216704288939
444,113,112,286,0.2888,0.4025,88.29,88.5,79.464287,0.25225225225225223
445,113,112,286,0.2748,0.3946,88.75999999999999,88.5,79.464287,0.251685393258427
446,113,112,286,0.2765,0.3966,89.24,86.72999999999999,79.464287,0.25112107623318386
